Description,Subject,sentiment,tag
applications that you can use on your telephone proper now I definitely like to uses utility for how excellent it's far,,2,"[""applications that you can use on your telephone proper now I definitely like to uses utility for how excellent it's far""]"
Good,,2,['Good']
The services of a higher than expected this utility affords everything at one area,,2,['The services of a higher than expected this utility affords everything at one area']
"Didn't gave rubbish collections to their purchaser their material always in high-quality popularity and gave original product as in line with order , failed to offer fake product as per roposo.",,0,"[""Didn't gave rubbish collections to their purchaser their material always in high-quality popularity and gave original product as in line with order , failed to offer fake product as per roposo""]"
maximum beneficial applications I got it just a few days again however having the use of a numerous and newline software to use on a cellphone right now and my pals no love it and we get a whole lot of close windows utility,,2,['maximum beneficial applications I got it just a few days again however having the use of a numerous and newline software to use on a cellphone right now and my pals no love it and we get a whole lot of close windows utility']
i really like it due to how virtual studies and more shopping may be executed online so effortlessly,,2,['i really like it due to how virtual studies and more shopping may be executed online so effortlessly']
splendid and fun to use totally like it having the usage of the sun for pretty an extended. Of time selfie exquisite,,2,"['splendid and fun to use totally like it having the usage of the sun for pretty an extended', ' Of time selfie exquisite']"
one of the high-quality software for apartment Play offerings this utility is so much better than every other packages in which you need to buy close this application assist you to store plenty of money,,2,['one of the high-quality software for apartment Play offerings this utility is so much better than every other packages in which you need to buy close this application assist you to store plenty of money']
Amazingly cool and the a laugh services also supplied at very cheap costs so I completely love the use of this utility over and over,,2,['Amazingly cool and the a laugh services also supplied at very cheap costs so I completely love the use of this utility over and over']
which is definitely thrilling and smooth to move for every other application the services are way better if it actually attempted and newline,,2,['which is definitely thrilling and smooth to move for every other application the services are way better if it actually attempted and newline']
,,-1,[]
i'm having one of the excellent services ever it's miles genuinely tremendous and fun to apply definitely cool and endorsed,,2,"[""i'm having one of the excellent services ever it's miles genuinely tremendous and fun to apply definitely cool and endorsed""]"
I don't see the need to go for another applications because this software affords you the sea offerings at reality private,,1,"[""I don't see the need to go for another applications because this software affords you the sea offerings at reality private""]"
supplied me with lot of offers And reductions which I could not discover in lots of different locations this application is completely cool and fantastic,,2,['supplied me with lot of offers And reductions which I could not discover in lots of different locations this application is completely cool and fantastic']
they have a extensive variety of clothes and accessories and also provided without any trouble this software is absolutely exceptional and extraordinary to apply,,2,['they have a extensive variety of clothes and accessories and also provided without any trouble this software is absolutely exceptional and extraordinary to apply']
the good software reports ever due to this one they're surely right at providing you all the offerings at one place,,2,"[""the good software reports ever due to this one they're surely right at providing you all the offerings at one place""]"
notable to use utility very powerful and all the products I ordered had been added on time I don't have any hassle in any respect,,2,"[""notable to use utility very powerful and all the products I ordered had been added on time I don't have any hassle in any respect""]"
perfect software for all the people who want to lease garments instead of with the aid of this application is definitely fun and extremely good,,2,['perfect software for all the people who want to lease garments instead of with the aid of this application is definitely fun and extremely good']
Makes it a high-quality vacation spot for on-line purchasing enjoy photographs top notch this one has plenty of high-quality deals And discounts to,,2,['Makes it a high-quality vacation spot for on-line purchasing enjoy photographs top notch this one has plenty of high-quality deals And discounts to']
i am a massive fan of the apartment services to be had online this one offers me with lot of options exciting sufficient totally cool,,2,['i am a massive fan of the apartment services to be had online this one offers me with lot of options exciting sufficient totally cool']
guns of studies exceptional in case you would like to hire garments on line,,2,['guns of studies exceptional in case you would like to hire garments on line']
It actually paintings revel in help me loads in case of all of the condo services you can definitely try this one,,2,['It actually paintings revel in help me loads in case of all of the condo services you can definitely try this one']
i'd actually love to apply this one were given it from a recommendation by means of Oprah navigate ever since completely cool and wonderful one of the most beneficial packages used for condominium services to be had on line so without difficulty this one is truely extremely good,,2,"[""i'd actually love to apply this one were given it from a recommendation by means of Oprah navigate ever since completely cool and wonderful one of the most beneficial packages used for condominium services to be had on line so without difficulty this one is truely extremely good""]"
,,-1,[]
one of the high-quality applications to be had accessible i love renting from this application services have a higher,,2,['one of the high-quality applications to be had accessible i love renting from this application services have a higher']
credit score utility it is easy to get the whole thing online available to easily I absolutely adore it definitely endorsed you,,2,['credit score utility it is easy to get the whole thing online available to easily I absolutely adore it definitely endorsed you']
without this software buying all the garments with me may be very conversion and problems utility makes it's so easy,,2,"[""without this software buying all the garments with me may be very conversion and problems utility makes it's so easy""]"
I totally love to apply this one I too and also recommending is application due to energy is endless is,,2,['I totally love to apply this one I too and also recommending is application due to energy is endless is']
one of the maximum sought-after programs gloss it's far truely useful virtually better and every other utility to be had of the new life in case you need to hire clothes online i'd absolutely advocate you to get this app that has a whole lot of incredible production services to be had out there with none problem you could condo out of garments,,2,"[""one of the maximum sought-after programs gloss it's far truely useful virtually better and every other utility to be had of the new life in case you need to hire clothes online i'd absolutely advocate you to get this app that has a whole lot of incredible production services to be had out there with none problem you could condo out of garments""]"
The motor packages they supplied a lot of fantastic utility person enjoy is in reality a laugh and exquisite,,2,['The motor packages they supplied a lot of fantastic utility person enjoy is in reality a laugh and exquisite']
one of the most spectacular applications are they provided me with lot of meals products and instantaneous discount also going on continuously honestly good and clean to use,,2,['one of the most spectacular applications are they provided me with lot of meals products and instantaneous discount also going on continuously honestly good and clean to use']
absolutely love teases software they're providing really brilliant offerings in phrases of condominium garments i'd honestly ask you to get this one due to how cool it is definitely super and please useabsolutely love teases software they're providing really brilliant offerings in phrases of condominium garments i'd honestly ask you to get this one due to how cool it is definitely super and please useabsolutely love teases software they're providing really brilliant offerings in phrases of condominium garments i'd honestly ask you to get this one due to how cool it is definitely super and please useabsolutely love teases software they're providing really brilliant offerings in phrases of condominium garments i'd honestly ask you to get this one due to how cool it is definitely super and please useabsolutely love teases software they're providing really brilliant offerings in phrases of condominium garments i'd honestly ask you to get this one due to how cool it is definitely super and please useabsolutely love teases software they're providing really brilliant offerings in phrases of condominium garments i'd honestly ask you to get this one due to how cool it is definitely super and please useabsolutely love teases software they're providing really brilliant offerings in phrases of condominium garments i'd honestly ask you to get this one due to how cool it is definitely super and please useabsolutely love teases software they're providing really brilliant offerings in phrases of condominium garments i'd honestly ask you to get this one due to how cool it is definitely super and please use,,2,"[""absolutely love teases software they're providing really brilliant offerings in phrases of condominium garments i'd honestly ask you to get this one due to how cool it is definitely super and please useabsolutely love teases software they're providing really brilliant offerings in phrases of condominium garments i'd honestly ask you to get this one due to how cool it is definitely super and please useabsolutely love teases software they're providing really brilliant offerings in phrases of condominium garments i'd honestly ask you to get this one due to how cool it is definitely super and please useabsolutely love teases software they're providing really brilliant offerings in phrases of condominium garments i'd honestly ask you to get this one due to how cool it is definitely super and please useabsolutely love teases software they're providing really brilliant offerings in phrases of condominium garments i'd honestly ask you to get this one due to how cool it is definitely super and please useabsolutely love teases software they're providing really brilliant offerings in phrases of condominium garments i'd honestly ask you to get this one due to how cool it is definitely super and please useabsolutely love teases software they're providing really brilliant offerings in phrases of condominium garments i'd honestly ask you to get this one due to how cool it is definitely super and please useabsolutely love teases software they're providing really brilliant offerings in phrases of condominium garments i'd honestly ask you to get this one due to how cool it is definitely super and please use""]"
perfect software with lot of labor cool services this application is genuinely exceedingly endorsed newline so much less difficult this utility you can lease and share garments effortlessly thru this oneveri best app,,2,['perfect software with lot of labor cool services this application is genuinely exceedingly endorsed newline so much less difficult this utility you can lease and share garments effortlessly thru this oneveri best app']
top notch to apply totally lovable this software is lovely in phrases of all of the high-quality offerings it provides genuinely exquisite and a laugh to apply,,2,['top notch to apply totally lovable this software is lovely in phrases of all of the high-quality offerings it provides genuinely exquisite and a laugh to apply']
Cool software pool offerings it is clearly a WiFi download for all the people who love to store on line,,2,['Cool software pool offerings it is clearly a WiFi download for all the people who love to store on line']
I believe to watch bollywood movies without any problem is what voot is meant for well done with the free streaming.,,2,['']
one of the fine reviews ever i found using this software has helped me plenty i am getting all the fantastic discounts and its from this software,,2,['one of the fine reviews ever i found using this software has helped me plenty i am getting all the fantastic discounts and its from this software']
they've loads of things I took a loved one of the nice applications to be had accessible for on-line purchasing experiences,,2,"[""they've loads of things I took a loved one of the nice applications to be had accessible for on-line purchasing experiences""]"
simply splendid and superb offers and offers And discounts are also going on constantly with this application,,2,['simply splendid and superb offers and offers And discounts are also going on constantly with this application']
Amazingly right this application assist me to get the entirety to be had so without difficulty truely precise for condo offerings online,,2,['Amazingly right this application assist me to get the entirety to be had so without difficulty truely precise for condo offerings online']
really first rate services completely cool amusing experience shopping online has by no means been so much less complicated,,2,['really first rate services completely cool amusing experience shopping online has by no means been so much less complicated']
0 balance me to hire clothes on line so without difficulty it's miles genuinely handy to get all of the clothes on-line to be had so effortlessly thank you a lot for a brand new lifestyles,,2,"[""0 balance me to hire clothes on line so without difficulty it's miles genuinely handy to get all of the clothes on-line to be had so effortlessly thank you a lot for a brand new lifestyles""]"
playing programs i'm satisfied with this software all the offers And discounts are honestly desirable,,2,"[""playing programs i'm satisfied with this software all the offers And discounts are honestly desirable""]"
Cool provider definitely rocks i am a large fan of the software now that I used it I truely would like to examine more and more garments again and again,,2,['Cool provider definitely rocks i am a large fan of the software now that I used it I truely would like to examine more and more garments again and again']
one of the great applications it has been so useful why to date this software is surely notable and useful for all condominium offerings,,2,['one of the great applications it has been so useful why to date this software is surely notable and useful for all condominium offerings']
you like me to store a variety of money and purchase luxury a famous emblem for you read this utility ought to truely sense like all the cool clothes and homes available for one time wherein is available,,2,['you like me to store a variety of money and purchase luxury a famous emblem for you read this utility ought to truely sense like all the cool clothes and homes available for one time wherein is available']
endorsedapplication studies are really accurate renting is really fun an first-rate applications for service this is certainly endorsed,,2,['endorsedapplication studies are really accurate renting is really fun an first-rate applications for service this is certainly endorsed']
Makes one of the maximum famous rental services to be had for floors and the whole thing obtainable I absolutely like it cool in case you are the use of this application then you ought to honestly do that one,,2,['Makes one of the maximum famous rental services to be had for floors and the whole thing obtainable I absolutely like it cool in case you are the use of this application then you ought to honestly do that one']
you want super application with out the pool offerings application for offer me with that of the excellent Updater services you you love,,2,['you want super application with out the pool offerings application for offer me with that of the excellent Updater services you you love']
Set clearly one of the maximum awesome packages that you might certainly get available this utility is truly as much as the pinnacle few strains the services are higher and renting has furnished me with quite a few alternatives at very reasonably-priced fees without a doubt superb,,2,['Set clearly one of the maximum awesome packages that you might certainly get available this utility is truly as much as the pinnacle few strains the services are higher and renting has furnished me with quite a few alternatives at very reasonably-priced fees without a doubt superb']
virtually a laugh offerings i discovered it in reality have interesting to apply and it is so tons higher than many other programs of there,,2,['virtually a laugh offerings i discovered it in reality have interesting to apply and it is so tons higher than many other programs of there']
Gate software reduces renting has supplied me with quite a few options which you can't locate anywhere else this utility is actually extremely good,,2,"[""Gate software reduces renting has supplied me with quite a few options which you can't locate anywhere else this utility is actually extremely good""]"
,,-1,[]
,,-1,[]
,,-1,[]
With this software's renting has provided me with lot of options studies are absolutely going out using this software,,2,"[""With this software's renting has provided me with lot of options studies are absolutely going out using this software""]"
,,-1,[]
one of the pleasant software for condominium services you could get all sorts of ladies and men garments online to be had so effortlessly with accessories and clothes are available to stay,,2,['one of the pleasant software for condominium services you could get all sorts of ladies and men garments online to be had so effortlessly with accessories and clothes are available to stay']
definitely cool and funny interesting application to use I absolutely adore it it has been this type of terrific satisfaction to use is application it's miles virtually first rate and need to apply,,2,"[""definitely cool and funny interesting application to use I absolutely adore it it has been this type of terrific satisfaction to use is application it's miles virtually first rate and need to apply""]"
Rediff occasion rate offerings i found it definjsjs0sodbditely better hfkdodoshfnfjgjjf,,2,['Rediff occasion rate offerings i found it definjsjs0sodbditely better hfkdodoshfnfjgjjf']
change software offerings are way higher than many different programs that you may consider this utility is simply high-quality and fun to use,,2,['change software offerings are way higher than many different programs that you may consider this utility is simply high-quality and fun to use']
Cool utility cool offerings the writing offerings has been so much higher and it's far simply one of the smartphone packages to apply,,2,"[""Cool utility cool offerings the writing offerings has been so much higher and it's far simply one of the smartphone packages to apply""]"
,,-1,[]
one of the best programs of at some point of this software you could locate lot of factories and clothes available so easily with you can't locate anywhere else without a doubt excellent and amusing,,2,"[""one of the best programs of at some point of this software you could locate lot of factories and clothes available so easily with you can't locate anywhere else without a doubt excellent and amusing""]"
Makes it in reality an super application for eight.2 uses software all forms of offerings available please Olivia,,2,['2 uses software all forms of offerings available please Olivia']
one of the most exquisite programs apartment services are manner higher this application supplied me with lot of software offerings with none trouble at all,,2,['one of the most exquisite programs apartment services are manner higher this application supplied me with lot of software offerings with none trouble at all']
i am a massive fan of this utility been the usage of this one I totally love it this utility is manner higher than something else you like create,,2,['i am a massive fan of this utility been the usage of this one I totally love it this utility is manner higher than something else you like create']
remarkable software studies the condo services are manner higher than brilliant totally love to use it,,2,['remarkable software studies the condo services are manner higher than brilliant totally love to use it']
Nyc clection,,1,['Nyc clection']
application with gives this software gives on plenty of things that I could not locate everywhere else,,2,['application with gives this software gives on plenty of things that I could not locate everywhere else']
Ring on so you ought to completely have this software in case of all the printer services on line,,1,['Ring on so you ought to completely have this software in case of all the printer services on line']
Printing cloth has helped me to shop a number of cash and on the same time I locate it so convenient to get all of the clothes honestly amusing and smooth to apply,,2,['Printing cloth has helped me to shop a number of cash and on the same time I locate it so convenient to get all of the clothes honestly amusing and smooth to apply']
top notch offerings which you can't discover any wherein is the closer you appearance top notch nice,,2,"[""top notch offerings which you can't discover any wherein is the closer you appearance top notch nice""]"
"i am happy to enjoy my friend's wedding with such cheap option on flyrobe to rent wedding wears on the go online ,its also best for women shopping ,its a unique fashion shopping app",,2,"[""i am happy to enjoy my friend's wedding with such cheap option on flyrobe to rent wedding wears on the go online ,its also best for women shopping ,its a unique fashion shopping app""]"
Bhadra software the clothes and accessories assist me alot it is virtually superb and a laugh to apply surely top notch,,2,['Bhadra software the clothes and accessories assist me alot it is virtually superb and a laugh to apply surely top notch']
I find renting offerings are manner higher because of sugar is of the usage of this utility services assist me alot,,2,['I find renting offerings are manner higher because of sugar is of the usage of this utility services assist me alot']
actually this one works for me. Thanks for this app that's like better than voonik.,,2,['']
truely one of the first-class software for condominium services furnished me with lot of options in condominium services itself you could get lot of things available so effortlessly,,2,['truely one of the first-class software for condominium services furnished me with lot of options in condominium services itself you could get lot of things available so effortlessly']
"Voonik became quality, but this app is like so top notch. I really like the use of it loads. Thank you.",,2,['']
Wow and first-rate. An app this is like so higher than voonik. I really like the usage of it loads. Thank you.,,1,[' An app this is like so higher than voonik']
awesome to use software it has made purchasing so much easy i love purchasing from this application quality region to lease clothes on line,,2,['awesome to use software it has made purchasing so much easy i love purchasing from this application quality region to lease clothes on line']
"When I do that head to head comparision, your app seems some distance higher than others like voonik",,2,"['When I do that head to head comparision, your app seems some distance higher than others like voonik']"
"That is completely distinct than others. Sooner or later there may be no disconnect here, higher than voonik",,1,"[' Sooner or later there may be no disconnect here, higher than voonik']"
This application is so horrific it can also provide us for lots buy discounts and coupon codes and uplift loving it,,2,['This application is so horrific it can also provide us for lots buy discounts and coupon codes and uplift loving it']
"I attempted hard to discover an app that works this manner, and boy! I have to say that i'm overjoyed. A huge way to you all",,2,"[""I attempted hard to discover an app that works this manner, and boy! I have to say that i'm overjoyed""]"
higher app for certain. Some thing that is like so higher than voonik. I am loving it,,2,[' Some thing that is like so higher than voonik']
there couldn't were something higher than this. It's far like so ahead of voonik.,,1,"[""there couldn't were something higher than this""]"
"find it irresistible. Some thing that i am obsessed on, and definitely beats voonik in all of the elements",,2,['find it irresistible']
It is via a long way the high-quality app. So better than many others. There may be in reality nothing like this app.,,1,[' There may be in reality nothing like this app']
Women purchasing made clean with this app. It is the first-class app for positive.,,2,['']
Higher app for girls buying. It works for me all the instances.,,1,['']
Wow app! Not anything honestly beats this app for girls shopping. A huge way to you.,,1,['']
excellent software online shopping has been a lot a laugh with this one I totally love the use of this one for girls purchasing purposes,,2,['excellent software online shopping has been a lot a laugh with this one I totally love the use of this one for girls purchasing purposes']
A miles better app for women purchasing. In reality there may be no divide here. A massive thanks to you men,,1,[' In reality there may be no divide here']
wow app. It has surely made girls shopping smooth and fun. I'm loving it.,,2,['']
it is with the aid of some distance the first-rate app. So better than voonik and plenty of others. There may be surely not anything like this app.,,1,[' There may be surely not anything like this app']
It's far ideal and extrodinary app for girls purchasing. It's far some thing that works for me all the instances.,,2,['']
A huge thank you for making girls buying so smooth and assessible.A wow app,,2,['A wow app']
overjoyed. It works wow for me. Kudos for the whole thing which youÃ¢â¬â¢ve carried out.,,2,['']
,,-1,[]
An surely great app for women purchasing. I am pretty happy with everything right here. Thank you.,,2,['']
Terrific app for women buying. I cant discover something that works this properly for me.,,1,[' I cant discover something that works this properly for me']
Exceptional app for girls purchasing. There's clearly nothing like this app.,,1,"["" There's clearly nothing like this app""]"
,,-1,[]
Makes it so much every other programs as compared to this one condominium services like idea or no longer as properly,,1,['Makes it so much every other programs as compared to this one condominium services like idea or no longer as properly']
,,-1,[]
,,-1,[]
You guys have provided with phone number but it's never reachable. I cannot contact you. Extremely disappointed,,0,[' Extremely disappointed']
,,-1,[]
,,-1,[]
,,-1,[]
Chutayapa app,,1,['Chutayapa app']
,,-1,[]
A very good app osm experience,,2,['A very good app osm experience']
Srvs n product is weln good,,2,['Srvs n product is weln good']
,,-1,[]
All they are showing fake,,0,['All they are showing fake']
,,-1,[]
,,-1,[]
,,-1,[]
,,-1,[]
,,-1,[]
,,-1,[]
,,-1,[]
,,-1,[]
Very good products especially gowns. And price is on my budget.,,2,"[' And price is on my budget', '']"
Not trust worthy...they wont deliver the product under said time. No one picks the call...0 customer support. Because of this app i have missed attending one crucial family function..white color loot professionals,,0,"['Not trust worthy', 'they wont deliver the product under said time']"
"Not have ordered anything , no experience in reality but found good collection",,2,"['Not have ordered anything , no experience in reality but found good collection']"
,,-1,[]
Osm,,1,['Osm']
We can buy new clothes for same rate instead of taking for rent,,1,['We can buy new clothes for same rate instead of taking for rent']
"I had this app in my phone an year ago.. i used to mark dresses, they were so lovely and beautiful.. now when i need to use this app, i reinstalled it, and then immediately uninstalled it.. why the collection is sooooo soooo less.. in skirt section, only 3 skirts.. in shorts 1.. in jumpsuit 5.. i didn't believe my eyes.. hate this app now",,1,"[' now when i need to use this app, i reinstalled it, and then immediately uninstalled it']"
The best online clothing rental app..,,2,['']
,,-1,[]
,,-1,[]
Be careful n don't pay upfront. It might be that neither the delivery or measurement person turn up at your place. The delivery agents have a very rude behavior,,0,[' The delivery agents have a very rude behavior']
,,-1,[]
,,-1,[]
,,-1,[]
,,-1,[]
,,-1,[]
,,-1,[]
Serivice is out of expectations....ð,,1,"['Serivice is out of expectations', '', 'ð\x9f\x98\x98']"
,,-1,[]
,,-1,[]
,,-1,[]
,,-1,[]
,,-1,[]
Nice and supper collection ....ðððððð,,2,"['', 'ð\x9f\x91\x8cð\x9f\x91\x8cð\x9f\x91\x8cð\x9f\x91\x8cð\x9f\x91\x8cð\x9f\x91\x8c']"
,,-1,[]
,,-1,[]
"I booked my suit for the 26/04/2017 1 week prior,the tailor comes home takes the measurements and goes the next thing is I get a message saying it will be delivered on the 26/04/2017 between 8am - 10pm.i was all depended on this suit for a very close cousins marriage the suit has not still been delivered to me even after a confirmation message. I have been calling them on their customer care number since morning now and no one picks up no communication I have still not got my suit. Thank you for this VERY BAD experience flyrobe never using this app again.",,0,"[' I have been calling them on their customer care number since morning now and no one picks up no communication I have still not got my suit', ' Thank you for this VERY BAD experience flyrobe never using this app again']"
,,-1,[]
,,-1,[]
Nice collection expecting this brand to be more worldwide,,2,['Nice collection expecting this brand to be more worldwide']
,,-1,[]
,,-1,[]
Is Anyone having refferal code,,2,['Is Anyone having refferal code']
"This are actully do fraud with peoplev.There is no gurantee of your delivery and your order. Dont download it i request you,very cheap app in play store.",,0,"[' Dont download it i request you,very cheap app in play store']"
"Pathetic customer service, they can ruin your special occasion by not delevering and when you try to contact then they don't left any stone unturned to make you realise you made a big fault",,0,"[""Pathetic customer service, they can ruin your special occasion by not delevering and when you try to contact then they don't left any stone unturned to make you realise you made a big fault""]"
,,-1,[]
"Trusting Flyrobe was a big mistake. I booked a Raymond suit and got carefree as I thought my dress would be delivered to me before the party. But no, there was no sign of any callback from flyrobe, no person came to me for measurements and no calls from flyrobe on the day of delivery. I kept trying their customer are, no one picked up the call. I had to make last minute arrangements for my party. Next day I get a message from them that the order was cancelled by them unfortunately and they apologized for inconvenience. So simple for them ! They would have atleast called me and told me about this before or on the delivery date. This is a very naive startup and my very first experience with them got really bad. I won't be using this app again.",,0,"[' Next day I get a message from them that the order was cancelled by them unfortunately and they apologized for inconvenience', ' This is a very naive startup and my very first experience with them got really bad']"
"The delivery was 18 hrs late.the delivery guy was abusive,drunk hurling abuses for distubing his drinking plan with his buddies.the armpit of the dress was sweat stained and had stenching odour.have filed a police complaint against the delivery guy and a claim against flyrobe at consumer forum.",,0,"['the delivery guy was abusive,drunk hurling abuses for distubing his drinking plan with his buddies']"
In the beginning they were having huge and wonderful Collection with less price. Now they dont have good collection but rent are higher .,,1,[' Now they dont have good collection but rent are higher ']
It sucks when they don't response to the msgs and provide wrong info,,0,"[""It sucks when they don't response to the msgs and provide wrong info""]"
,,-1,[]
,,-1,[]
,,-1,[]
,,-1,[]
,,-1,[]
Horrible app. They neither deliver nor communicate.,,0,"['Horrible app', ' They neither deliver nor communicate']"
,,-1,[]
,,-1,[]
Can you plz anyone given referl code,,1,['Can you plz anyone given referl code']
,,-1,[]
,,-1,[]
,,-1,[]
,,-1,[]
Awesome collection,,2,['Awesome collection']
,,-1,[]
,,-1,[]
Highly Dispointed. I had ordered a Lehenga set and the delivery date was 3rd of may. If never delivered and my day was ruined. Not going to try this ever again. Cheats.,,1,[' If never delivered and my day was ruined']
Ansome you have a wonderful collection and in good rate,,2,['Ansome you have a wonderful collection and in good rate']
,,-1,[]
,,-1,[]
Okay not bad to collectionS,,2,['Okay not bad to collectionS']
,,-1,[]
,,-1,[]
More than 15 Days have passed and they still haven't returned the security money. The fitting of the clothes were done horribly. I've been emailing and calling everyday still no response!!! No one even receives the calls!!! Extremely bad service. I would never recommend this app to anyone.,,0,[' I would never recommend this app to anyone']
"HORRIBLE SERVICE AND FALSELY ACCUSING OF NOT RETURNING THE PRODUCT!!!!!! It has been 17 days since i returned the lehenga. I still haven't received the security money. I have sent so many emails and called so many times. Now after 17 days you're telling me that the dupatta is missing??! I packed everything properly and returned your product in very good condition. I had nothing to do with the missing dupatta! You might want to ask your delivery boy about that! Or maybe this is just what you say so that you don't have to refund the security. I want my security money back! It was even a lot more than the actual rent amount of the lehenga. I will never recommend this app to anyone but suggest people not to use it. Why would you do quality check after 17 days of receiving the product?? Your way of managing things is very very poor. If i could give minus stars, i would! Highly disappointed!!",,0,"[' I will never recommend this app to anyone but suggest people not to use it', ' If i could give minus stars, i would! Highly disappointed!!']"
,,-1,[]
,,-1,[]
,,-1,[]
,,-1,[]
There is no option for my city? Sambalpur,,1,['There is no option for my city? Sambalpur']
,,-1,[]
,,-1,[]
choose this app if want rental very good collection's.,,2,['']
They didn't deliver the product at last moment and didn't bother to contact me. Worst serviceâ. You can't contact their customer care.,,0,"[""They didn't deliver the product at last moment and didn't bother to contact me"", ' Worst serviceâ\x80\x8b']"
,,-1,[]
"worst service, tailor came for only buildup, then send different size low quality cloths, 1st uninsatall this bludy app, and dont buy from this app, better go to any outlet and pick 4000RS sherwanis,",,0,"['worst service, tailor came for only buildup, then send different size low quality cloths, 1st uninsatall this bludy app, and dont buy from this app, better go to any outlet and pick 4000RS sherwanis,']"
,,-1,[]
Very bad experienceð,,0,['Very bad experienceð\x9f\x98\x92']
,,-1,[]
,,-1,[]
,,-1,[]
Service is not good.,,0,['Service is not good']
I am not able to login from any platform...,,0,['I am not able to login from any platform']
Bakwaas,,0,['Bakwaas']
Worst experience ever,,0,['Worst experience ever']
,,-1,[]
,,-1,[]
,,-1,[]
,,-1,[]
,,-1,[]
,,-1,[]
They are fraud and pathetic people. No professionalism as they do not even bother to pick up your phone. They haven't returned the security yet and it's been more than 25 days even after calling them many times. I would seriously suggest not to order through the this app if you don't want to ruin your event as they do sometimes do not deliver your clothes on time. Totally hated the experience words cannot describe it.,,0,"['They are fraud and pathetic people', ' No professionalism as they do not even bother to pick up your phone', ' Totally hated the experience words cannot describe it']"
,,-1,[]
,,-1,[]
,,-1,[]
,,-1,[]
Very poor. App stops while making payments. Nobody picks the call or respond to mail's. Waste of time,,0,"['Very poor', ' Waste of time']"
"Worst ever delivery service. Called customer care more than 100 times no answer, didn't received the delivery on the day expected totally spoiled my event.",,0,"['Worst ever delivery service', "" Called customer care more than 100 times no answer, didn't received the delivery on the day expected totally spoiled my event""]"
I ordered a dress almost a week before the event they came and took the measurements I got a confirmation way in advance that I will get the dress however on the day of the event I got a call from them just a few hours before the event that my dress cannot be delivered and I did not have any backup never ordering from flyrobe ever again and you definitely not recommend it to anyone.,,0,['I ordered a dress almost a week before the event they came and took the measurements I got a confirmation way in advance that I will get the dress however on the day of the event I got a call from them just a few hours before the event that my dress cannot be delivered and I did not have any backup never ordering from flyrobe ever again and you definitely not recommend it to anyone']
,,-1,[]
,,-1,[]
,,-1,[]
,,-1,[]
,,-1,[]
,,-1,[]
,,-1,[]
Not an Trustworthy app...rented a jacket for occasion .. But on the delivery date I was told that it was not available. Don't rely on this app they might deliver you anything or nothing.. Uninstalling it ryt now.,,1,"["" Don't rely on this app they might deliver you anything or nothing""]"
,,-1,[]
Great experience,,2,['Great experience']
No one came for taking measurements or for delivery. It has been almost 10 days since i ordered the dress I still have not received it though my delivery date was 10th May.,,0,[' It has been almost 10 days since i ordered the dress I still have not received it though my delivery date was 10th May']
,,-1,[]
I downloaded this app today. I saw the mrp of few dresses higher than the actual price of that dress. Am not convinced by this app. Also there are no referral code while login and no coupon. Not a good app.,,0,[' Not a good app']
,,-1,[]
Theres no way for it to be shipped to the US. Id like to think that would be a primary fact to mention somewhere in the discription??,,1,['Theres no way for it to be shipped to the US']
Worst customer service ever. They lie right under your nose and tell you that the outfit will be delivered but the next day they tell you that they haven't even started to process the order. The call centre is pathetic as you need to call them a million times before someone picks it up and puts you on hold again. Extremely disappointing. Wouldn't recommend it to anyone,,0,"['Worst customer service ever', "" They lie right under your nose and tell you that the outfit will be delivered but the next day they tell you that they haven't even started to process the order"", ' The call centre is pathetic as you need to call them a million times before someone picks it up and puts you on hold again', ' Extremely disappointing', "" Wouldn't recommend it to anyone""]"
Thr services just completely sucks..spoiled my birthday..never gonna use flyrobe evr again..the app is too good..bt again thr service SUCKS...!!!!,,0,"['Thr services just completely sucks', 'bt again thr service SUCKS']"
"Hi, These are people are fraud. They don't deliver the product when you buy stuff. They make the product delivery status as delivered without delivering the same. Please do not buy stuff from here. Also if you're buying, don't pay before hand. Inspite of reaching their customer care so many times, they don't reply.",,0,"["" They don't deliver the product when you buy stuff"", "" Inspite of reaching their customer care so many times, they don't reply""]"
Good,,2,['Good']
,,-1,[]
Guyzzz... Please don't go with this app.. It's MRP rate is more than original rate... It's fake app where there are making fool of us...big cheaters,,0,"["" It's fake app where there are making fool of us""]"
Fraud.,,0,['Fraud']
Do not trust them.till the 13 th hour I was made to wait for the costume...n then after cancellation from their end I received a Ill fitting dress...on complaining they promised for a substitute...n later they r asking a whopping price for the same...I dint get dress at last...I was suppose to go for a wedding a day prior...but couldn't bcoz of the fiasco...plz do not fall prey to them,,0,"[""but couldn't bcoz of the fiasco""]"
,,-1,[]
,,-1,[]
Not working after latest update,,0,['Not working after latest update']
,,-1,[]
,,-1,[]
,,-1,[]
,,-1,[]
"Customer care and complaint section is very weak. Super late, but they replied, that's why 2 stars else you deserve 1 star for my incident...",,0,"["" Super late, but they replied, that's why 2 stars else you deserve 1 star for my incident""]"
Utterly worthless and unprofessional. I placed two orders and both of them got cancelled turn by turn. One was 'damaged' and the other was cancelled by them without caring for an explanation. I placed my trust on them and waited till the last hour of an important wedding but the dress didn't turn up. Constant calling and pleading didn't help as the 'Customer Care' doesn't actually care.,,0,['Utterly worthless and unprofessional']
As soon as I updated the app. I can't see anything. Everything I search ends in a blank page.,,1,"["" I can't see anything"", ' Everything I search ends in a blank page']"
Awesome,,2,['Awesome']
,,-1,[]
,,-1,[]
Amazing services received the dress a day before the rental period. Packed beautifully. No hassles...great job,,2,['']
,,-1,[]
Disgusting app. Is not working at all. I've even sent them the email please do check,,0,['Disgusting app']
Great one,,2,['Great one']
,,-1,[]
,,-1,[]
,,-1,[]
"I had this app in my phone an year ago.. i used to mark dresses, they were so lovely and beautiful.. now when i need to use this app, i reinstalled it, and then immediately uninstalled it.. why the collection is sooooo soooo less.. in skirt section, only 3 skirts.. in shorts 1.. in jumpsuit 5.. i didn't believe my eyes.. hate this app now",,1,"[' now when i need to use this app, i reinstalled it, and then immediately uninstalled it']"
How do you sell those present in your shop for such premium.?,,1,"['How do you sell those present in your shop for such premium', '?']"
,,-1,[]
,,-1,[]
,,-1,[]
,,-1,[]
"Worst experience please don't download this app, they spoilt my wedding I waited the whole day for delivery finally they stopped picking my call worst service.",,0,"[""Worst experience please don't download this app, they spoilt my wedding I waited the whole day for delivery finally they stopped picking my call worst service""]"
,,-1,[]
Useless app n also useless store in mumbai..... Today we visited the store in mumbai... Lady who was not at all bother to take care of customers... Like she was avoiding and not entertaining the customers.... And about app.... App shows many variety but in actual store has very limited options....of we order stuff Other than available in the store they get cancel it on last moment saying piece is damaged,,0,"['Useless app n also useless store in mumbai', ' Like she was avoiding and not entertaining the customers']"
,,-1,[]
Flyrobe and on time delivery never go hand in hand. Thanks Flyrobe for screwing up my FAREWELL function.,,1,[' Thanks Flyrobe for screwing up my FAREWELL function']
,,-1,[]
,,-1,[]
,,-1,[]
Amazing collection,,2,['Amazing collection']
,,-1,[]
,,-1,[]
This app is perfect with girls clothing,,2,['This app is perfect with girls clothing']
,,-1,[]
Never ever trust their word on delivery. Worst ever service experienced.,,0,[' Worst ever service experienced']
Worst service.. Don't trust on these guys. They don't deliver on time and the product quality is pathetic. No customer feedback. #Disappointed,,0,"['Worst service', "" They don't deliver on time and the product quality is pathetic""]"
,,-1,[]
,,-1,[]
Totally a fraud app they just cheat.will deliver d.goods which u haven't ordered and than later on deny to return n refund as well a cheated app,,0,"['Totally a fraud app they just cheat', ""goods which u haven't ordered and than later on deny to return n refund as well a cheated app""]"
,,-1,[]
,,-1,[]
,,-1,[]
,,-1,[]
,,-1,[]
,,-1,[]
,,-1,[]
Worst ever app..,,0,['Worst ever app']
,,-1,[]
Love this collection,,2,['Love this collection']
,,-1,[]
"Pethetic service,worst quality dresses",,0,"['Pethetic service,worst quality dresses']"
"Hey flyrobe, care to even inform your customers before cancelling orders? Last I heard your team would call me and take up my concern .. it's been 2 weeks now .. I haven't heard from you guys! If u cannot serve customers well, do not enter into this business .. shame on u guys!",,0,"["" I haven't heard from you guys! If u cannot serve customers well, do not enter into this business "", ' shame on u guys!']"
,,-1,[]
,,-1,[]
,,-1,[]
NYC app,,2,['NYC app']
Pathetic,,0,['Pathetic']
,,-1,[]
Love this app.... Keep your standard..... ð,,1,"['', ' ð\x9f\x91\x8d']"
Flyrobe should extend their service to other cities also...it should not be limited to handful of cities. I am in Kanpur but flyrobe isn't available here,,1,['it should not be limited to handful of cities']
,,-1,[]
,,-1,[]
Very nice and affordable concept.,,2,['']
,,-1,[]
,,-1,[]
,,-1,[]
,,-1,[]
,,-1,[]
,,-1,[]
"Seem like fake , not good than other sites",,0,"['Seem like fake , not good than other sites']"
Useless site no options and the rental prices are very high....,,0,['Useless site no options and the rental prices are very high']
,,-1,[]
,,-1,[]
,,-1,[]
,,-1,[]
,,-1,[]
They wnt deliver the product on time.. And they wnt even care about that.... Will never ever rely on them for their hideously bad service,,0,"['They wnt deliver the product on time', ' Will never ever rely on them for their hideously bad service']"
,,-1,[]
It Goob,,2,['It Goob']
"Pros: Saves money, free alterations, nice wedding collection, Cons: Need to book atleast 3 days in advance, Shipping only in Metro, tier 1 and some tier 2 - not available across India, Stores available in select cities",,2,"['Pros: Saves money, free alterations, nice wedding collection, Cons: Need to book atleast 3 days in advance, Shipping only in Metro, tier 1 and some tier 2 - not available across India, Stores available in select cities']"
"Rented an Anarkali from the Banjara hills store and it was new. The tailor was very polite, thanks @Flyrobe",,2,['Rented an Anarkali from the Banjara hills store and it was new']
Really awesome ethnic collection! Ordered a lehenga for my best friends wedding. It was high quality and value for money!,,2,[' It was high quality and value for money!']
Products are good and price is very value for money. Store trials is a big plus!,,2,[' Store trials is a big plus!']
"Initially when this app started it got grt collections and at amazing price n varities, recently the collection dropped down sharply (specially for Delhi NCR) and amonst very few things, what ever we think to choose they r already pre books. suggested to increase the number of clothes and take the clothes off the rake of it's not available in a real time basis.",,1,"["" suggested to increase the number of clothes and take the clothes off the rake of it's not available in a real time basis""]"
i am glad with software on-line date software with offerings they are definitely notable we pulled up abroad task of satisfaction n you the entirety which you desired it,Nice,2,['i am glad with software on-line date software with offerings they are definitely notable we pulled up abroad task of satisfaction n you the entirety which you desired it']
Being a Blogger. Need to explore alot of options which suits my personality. Came across Flyrobe. Loved their collection. Overall it was a good experience with Flyrobe. Hats off to their delivery service.,,2,"['Being a Blogger', ' Came across Flyrobe', '']"
I was worried about the measurements. But once the outfit arrived I was on the cloud nine. Things were more than perfect.,,2,['']
"i cant start to explain all the good things about the flyrobe app , this app is really the change we wanted in women shopping , this app is truely amazing . i must say i really loved it",Loved it,2,"['i cant start to explain all the good things about the flyrobe app , this app is really the change we wanted in women shopping , this app is truely amazing ']"
Ordered an Anarkali dress for a Family Function. And the dress was up to the mark. Received the same dress which was shown in the Picture. Cherry on the top it was a designer piece. Thank you #Flyrobe,,1,[' Received the same dress which was shown in the Picture']
Ordered Lehenga for my Brother's wedding and it was a wonderful experience. Quality - 9/10 Punctuality - 9/10 Outfit - 10/10 #Flyrobe #smartgirlsrent,,2,[' Quality - 9/10 Punctuality - 9/10 Outfit - 10/10 #Flyrobe #smartgirlsrent']
,,-1,[]
From Quality to Measurements to Delivery! Everything was on place. Keep it up Flyrobe.,,1,['']
I was worried about the fittings & that's why I visited their store. Staff was very helpful. They helped me with the measurements & also guided me how to book online.,,2,"[""I was worried about the fittings & that's why I visited their store""]"
Tried Flyrobe for the First time for my Sister's wedding. Service was good. Quality was nice. Going to be a Flyrobian forever. #flyrobe #smartgirlsrent,,2,"[' Going to be a Flyrobian forever', ' #flyrobe #smartgirlsrent']"
,,-1,[]
,,-1,[]
No any other women or men shopping app provides huge discounts on branded clothes like flyrobe app . I am using the application to rent clothes and it is nice one .,,2,['']
Flyrobe's service is really commendable. My order was delivered on time & the CC team is very helpful. Amazing shopping experience. #FlyrobianForever,,2,[' #FlyrobianForever']
Renting a dress on Flyrobe was the best decision so far. Loved the fabric! The dress was exaclty same as shown in picture. #Flyrobe #BudgetFashion,,2,[' #Flyrobe #BudgetFashion']
We wanted designer sarees for our college farewell party but didn't have the budget. My sister suggested Flyrobe and we went on renting 10 gorgeous designer sarees. :) They were exactly same as shown in the pictures and the quality was really good. Thanks Flyrobe.,,2,['']
My mom wanted to wear a designer saree on marriage aniversary. We went to the Flyrobe store at SV road. Mom was doubtful about the quality as it is renting concept. But she loved the collection and we rented a beatiful piece by Ritu Deora. Thanks #flyorbe,,2,[' We went to the Flyrobe store at SV road']
,,-1,[]
Went to the Flyrobe's store at SV road. Amazing collection of legengas which you can rent at such reasonable price. You can try them on plus the store staff helps you with everything. I ended up with renting beautiful legenga and matching jwellery for my parent's marriage aniversary. Thanks #Flyrobe #Totaly_worth_it,,2,"[""Went to the Flyrobe's store at SV road""]"
"You guys should really shut shop - your operations is the worst! Probably the worst fashion ecom service available! The sizes are not as per standard sizing, the person who Oyeindrilla is the worst when it comes to customer service. The team accepted the return and confirmed the same- once confirm she comes back it's not eligible - there is absolutely nothing mentioned in the return policy. Save yourself the headache and Stay away from flyrobe!",,0,"['You guys should really shut shop - your operations is the worst! Probably the worst fashion ecom service available! The sizes are not as per standard sizing, the person who Oyeindrilla is the worst when it comes to customer service', "" The team accepted the return and confirmed the same- once confirm she comes back it's not eligible - there is absolutely nothing mentioned in the return policy"", ' Save yourself the headache and Stay away from flyrobe!']"
Very good collection in excellent prices but app is way toooo slow.. that's a little annoying.,,2,['']
,,-1,[]
,,-1,[]
,,-1,[]
,,-1,[]
"Getting clothes on rent is one good thing! But getting accessories too, is a cherry on the cake! Totally amazing collection! Flyrobe made it so easy for me to look so classy for an impromptu party.",,2,['']
Won a BEST DRESSED title in the college freshers party! Such a brilliant start to my college life! All thanks to Flyrobe and their commendable service.,,2,['']
Such a warm service! And the people out there in the store are so polite! I got to try the outfits and even got the customized fitting! Worth visiting Flyrobe!,,2,['Such a warm service! And the people out there in the store are so polite! I got to try the outfits and even got the customized fitting! Worth visiting Flyrobe!']
Visited the Flyrobe store today! Really Good quality products and they are open to trying before renting policy! Loved their service!,,2,['Visited the Flyrobe store today! Really Good quality products and they are open to trying before renting policy! Loved their service!']
Great Service! On time delivery! Very good Quality clothes! Totally worth it! #flyrobe,,2,['Great Service! On time delivery! Very good Quality clothes! Totally worth it! #flyrobe']
My friend rented a blazer for his brother's wedding! The fitting was perfect and the quality was way too good!,,2,"[""My friend rented a blazer for his brother's wedding! The fitting was perfect and the quality was way too good!""]"
"My Mom while browsing through the lehengas for my cousin's wedding online, came across the Flyrobe ad. We thought to give it a try and checked their website. My Mom loved their renting policy plus the custom fitting liberty gave my Mom ultimate happiness. Received the Lehenga today! My Mom is head over heels! Thank you Flyrobe! #greatservice #customfitting #flyrobe",,1,[' We thought to give it a try and checked their website']
I visited the Flyrobe store with my friend as she wanted to rent a gown for a cocktail party. I was in awe with their collection and wonderful service that I ended up renting ethnic wears for the upcoming function at home.,,2,['']
"Came across the Flyrobe Rental Store, I checked their site and then visited the store. Nikita and Milind, really great service guys! Also Thank You for helping me in choosing the outfit. Really impressed by Flyrobe!",,2,"['Came across the Flyrobe Rental Store, I checked their site and then visited the store']"
,,-1,[]
,,-1,[]
,,-1,[]
,,-1,[]
Try it before you rent it! That's what Amandeep told me when I went to the Flyrobe store. After trying I was provided with a customised fitting service for free and the dress had such an affordable rental price. #flyrobeisthebest #thankyou,,2,"[""Try it before you rent it! That's what Amandeep told me when I went to the Flyrobe store""]"
My Mom is a long time customer of Flyrobe. And she always keeps suggesting me to try it atleast once. I thought to give it a try and ordered one Gown and accessories for my friend's Birthday party. I received a dozen compliments for my dress and the accessories. Thank You Flyrobe for your in time delivery and angelic service.,,2,[' And she always keeps suggesting me to try it atleast once']
"I am a regular customer of Flyrobe. Customer service, Delivery, Pricing all are excellent and customer friendly ,because of there great customer service ,I always perfer Flyrobe for all my wardrobe needs.Keep it up Flyrobe!",,2,['I am a regular customer of Flyrobe']
"Received my parcel from Flyrobe today! I had ordered a jewllery, I was worried about the delivery as it was a delicate jewellery, However Flyrobe took extra care of it. It was packed perfectly. Also the jewllery polish and quality was beautiful! Those minute impressions on the necklace! Thank you Flyrobe! #yourock",,2,"['Received my parcel from Flyrobe today! I had ordered a jewllery, I was worried about the delivery as it was a delicate jewellery, However Flyrobe took extra care of it', ' Also the jewllery polish and quality was beautiful! Those minute impressions on the necklace! Thank you Flyrobe! #yourock']"
"I visited the Flyrobe mumbai store recently for my cousins wedding, Overall it was an excellent experience, the staff is really kind enough to pick you the right type of outfit from the collection.",,2,['']
,,-1,[]
Useless,,0,['Useless']
Bcoz of aib,,1,['Bcoz of aib']
,,-1,[]
It should be available in all the cities. That's the biggest drawback of this app.,,1,"["" That's the biggest drawback of this app""]"
,,-1,[]
"Worst people to deal with. I had placed my first order bearing order number MMR 065756, with them on 22 april' 2017 for a two pc raymond suit on a rental period for 4 days. I was suppose to receive the suit delivery on 25th april'17. Since nobody turned up till 25th, i called their help line number regarding status of my rented suit, i was given assurance that it will be delivered by 26th evening anyhow. Even on 26th evening, nobody turned up from flyrobe, i called the helpline number but nobody answered the call. Now on 27th april'17, wedding day of my cousin, i again called the helpline number, again i was given assurance of the delivery deadline by 5 pm. Again nobody turned up and they never bothered to call me about the status of my order. I had to attain my cousins wedding in simple formal attire. These people are not fit to do any business, lack ethical responsibility, no follow up of order. Small startup like these cannot ever flourish. I suggest everyone dont get fooled by these peoples.",,0,"['Worst people to deal with', ' Even on 26th evening, nobody turned up from flyrobe, i called the helpline number but nobody answered the call', ' Again nobody turned up and they never bothered to call me about the status of my order']"
,,-1,[]
No refund even after 20 days. Had to call many times to customer support. Still no refund. Don't make mistake of ordering stuff from Flyrobe they won't refund you money.,,0,"["" Don't make mistake of ordering stuff from Flyrobe they won't refund you money""]"
,,-1,[]
,,-1,[]
,,-1,[]
,,-1,[]
,,-1,[]
,,-1,[]
,,-1,[]
,,-1,[]
,,-1,[]
,,-1,[]
Its worth it seriously guys... initially i was skeptical of what i would get...as in the quality of the clothes and the size as well...i waited patiently...the service was very good...the guy who delivered and picked up the clothes was very generous...so kudos to that...and coming back to the quality well to be very honest these were the best clothes that i wore in my life...i am satisfied and looking forward to book again from flyrobe...i would request everyone to try it first and then experience the magic...keep flyrobing...good work team,,2,['']
The app keeps crashing when I tried to log on with Facebook. Images do no load.,,0,['The app keeps crashing when I tried to log on with Facebook']
Bhai log Kya bakchodi hai ððBhaade pe b kapde Milne lage online,,1,['Bhai log Kya bakchodi hai ð\x9f\x98\x82ð\x9f\x98\x82Bhaade pe b kapde Milne lage online']
,,-1,[]
Rockstar delivery staff and timely communication.. Great outfit.. Had an amazing journey with you guys... Rock on!,,2,['']
,,-1,[]
,,-1,[]
,,-1,[]
"The updated version of the app is really bad and has lot of bugs in it.. Gives error while applying filters, while adding product to the cart. Please get this rectified it's pathetic",,0,['The updated version of the app is really bad and has lot of bugs in it']
After update the app does not work.,,0,['After update the app does not work']
,,-1,[]
,,-1,[]
Superb Duperb,,2,['Superb Duperb']
,,-1,[]
,,-1,[]
,,-1,[]
super,,2,['super']
,,-1,[]
,,-1,[]
,,-1,[]
,,-1,[]
,,-1,[]
,,-1,[]
,,-1,[]
Worst App...,,0,['Worst App']
,,-1,[]
"Order no. MMR075736 - Today is my sister's wedding and I don't have any suit to wear. I trusted Flyrobe to deliver suit today but after calling 4-5 times only reply I get is ""sorry for the inconvenience the coat can't be delivered today due to logistics problem"", also when asked if I can visit flyrobe store in Santa Cruz . The reply was in such short notice We won't be able to give court in such short notice"". What kind of customer service is this and is this the way a customer should be treated when I booked the order on 6th August. This is totally unacceptable and breach of trust. My evening is spoiled because of this . I regret placing order on flyrobe",,0,[' This is totally unacceptable and breach of trust']
no western wear collection available.ð,,1,"['no western wear collection available', 'ð\x9f\x98\x95']"
useless,,0,['useless']
,,-1,[]
,,-1,[]
I love the concept. I hate that despite multiple mails this app has crashed at least 20 times in the last month,,1,[' I hate that despite multiple mails this app has crashed at least 20 times in the last month']
,,-1,[]
,,-1,[]
"Fabulous quality. Top fitting. Perfect delivery. Just needs to keep updating on App about an order, there was a delay in that.",,2,"[' Just needs to keep updating on App about an order, there was a delay in that', '']"
,,-1,[]
,,-1,[]
,,-1,[]
Concept is good... But what's with your app... You don't have a search option...,,1,"["" You don't have a search option""]"
Your app crashes way too much,,0,['Your app crashes way too much']
,,-1,[]
,,-1,[]
,,-1,[]
,,-1,[]
,,-1,[]
Fabulous clothes..... perfect ð,,2,['']
App just keeps crashing all the time. Tried ordering through website but never got the items on time,,0,['App just keeps crashing all the time']
,,-1,[]
,,-1,[]
,,-1,[]
,,-1,[]
,,-1,[]
Concept is good.. app is horrible.. keeps crashing,,0,[' app is horrible']
,,-1,[]
Placing and canceling order is such a big hassle. App is not at all user friendly. Very disappointed with the collection. Users must try other renting portals like RENT IT BAE. They have amazing collection and their services are top notch,,0,"[' App is not at all user friendly', ' Very disappointed with the collection']"
,,-1,[]
Why this service is not available in bhubaneswar?,,0,['Why this service is not available in bhubaneswar?']
,,-1,[]
,,-1,[]
,,-1,[]
,,-1,[]
,,-1,[]
,,-1,[]
,,-1,[]
Plz give me a reffrel code plzzz,,1,['Plz give me a reffrel code plzzz']
,,-1,[]
App opens with a blank page,,0,['App opens with a blank page']
,,-1,[]
Such a fake and pathetic service . They make you wait until the day of event and send you some stupid message saying they cannot service your area and take away your money . Customer service is so bad that they just out you in hold and disconnect. My suggestion to all users us pls don't try Flyrobe they will make your event a big disappointment .....,,0,"['Such a fake and pathetic service ', ' They make you wait until the day of event and send you some stupid message saying they cannot service your area and take away your money ']"
"best for attending special occassions/ parties/functions . It is economic and also provides good quality and service thus, worth experiencing .",,2,['']
,,-1,[]
The app doesn't work everytime I install it. Keeps crashing. Can't see a thing. Always blank. Pls fix it.,,0,"[""The app doesn't work everytime I install it"", ' Keeps crashing']"
,,-1,[]
,,-1,[]
fantastic service prompt delivery fitting was perfect and got lots of compliments.would definately recommend to everyone.thank you flyrobe,,2,['thank you flyrobe']
,,-1,[]
,,-1,[]
,,-1,[]
Horrible customer care!! It's almost been a month since my deposit is pending with them! No reply to emails either! Just horrible.,,0,"[""Horrible customer care!! It's almost been a month since my deposit is pending with them! No reply to emails either! Just horrible""]"
,,-1,[]
,,-1,[]
,,-1,[]
Nice app,,2,['Nice app']
I love it this app,,2,['I love it this app']
,,-1,[]
Niceone,,1,['Niceone']
"FAKE Flyrobe: They never deliver the clothes on time & coupon codes in offer section are not working; team said this is a technical error and this coupon is showing by mistake in your login , they advice me to update my app; but after uninstall & reinstall that offer is still showing and I can't able to use it,, Finally Uninstalled the APP",,0,"[""FAKE Flyrobe: They never deliver the clothes on time & coupon codes in offer section are not working; team said this is a technical error and this coupon is showing by mistake in your login , they advice me to update my app; but after uninstall & reinstall that offer is still showing and I can't able to use it,, Finally Uninstalled the APP""]"
,,-1,[]
,,-1,[]
"They are all frauds, I ordered an outfit on 11Sep, and today I got a call that outfit is not available in 42 size, I have a screenshot that It was available. Today, when only 2 days have left, I have no option to do. They all are fakers. Worst experience, I definitely will not spare them all.",,0,"['They are all frauds, I ordered an outfit on 11Sep, and today I got a call that outfit is not available in 42 size, I have a screenshot that It was available', ' Worst experience, I definitely will not spare them all']"
,,-1,[]
,,-1,[]
,,-1,[]
Awesome app i like it,,2,['Awesome app i like it']
,,-1,[]
,,-1,[]
,,-1,[]
,,-1,[]
,,-1,[]
Worst app ever they fool you dresses are so costly you can literally buy them at that price worst experience ever.,,0,['Worst app ever they fool you dresses are so costly you can literally buy them at that price worst experience ever']
,,-1,[]
,,-1,[]
,,-1,[]
Worst experience ever,,0,['Worst experience ever']
,,-1,[]
,,-1,[]
Worst service and Pathetic experience with Flyrobe. Ordered 1 month before and a day before delivery they cancelled saying we can't deliver at your place as our courier person can't find your house. I live at a very reputed area and my house is very easy to find but somehow they can't find my place and even no-one contacted me to get my address WORST EXCUSE. Please friends don't use their service otherwise you will left with nothing.,,0,"['Worst service and Pathetic experience with Flyrobe', "" Ordered 1 month before and a day before delivery they cancelled saying we can't deliver at your place as our courier person can't find your house"", "" I live at a very reputed area and my house is very easy to find but somehow they can't find my place and even no-one contacted me to get my address WORST EXCUSE""]"
,,-1,[]
,,-1,[]
,,-1,[]
,,-1,[]
,,-1,[]
,,-1,[]
When I open the app I'm unable to see anything there . I tried so much and even uninstall n install it again,,0,"[""When I open the app I'm unable to see anything there ""]"
,,-1,[]
,,-1,[]
,,-1,[]
,,-1,[]
Too costly........ People's can buy new clothes as compare in rental price with new style.,,1,['Too costly']
I don't know what's the problem with this. It's just keep crushing the time I proceed with my cell no. Worst app experience without using it.,,0,[' Worst app experience without using it']
,,-1,[]
"Extremely poor service, I provided measurements two days ago, was informed in the morning that the outfit will be delivered today. But now they called to advise that they are not delivering. I was supposed to wear it tomorrow, have no back. Such an embarrassing situation.",,0,"['Extremely poor service, I provided measurements two days ago, was informed in the morning that the outfit will be delivered today']"
,,-1,[]
,,-1,[]
,,-1,[]
Great,,2,['Great']
,,-1,[]
Horrible collection,,0,['Horrible collection']
,,-1,[]
Very bad app,,0,['Very bad app']
I have ordered a dress and they have showed me that it will be delivered to me on 7th oct between 1pam -8 pm And when i didnt get my product at 1pm then i called them and asked about the stat they were continuosly saying that it will reach you by 8 pm but at 7:30 i spoke to a senior person an he said that we wont be able to deliver you today then i asked what to do i am having event . so they said that you can go for the alternative but there was no tum for the alternative the whole team miss guided and not given a single option to do someting it was event whuch can change my life alvut just they ruined it if i wint be able tobperfirm in the show tommorow i will ladge a complain and even will commit suicide and this flyrobe is responsible for this i want my rented dress st any cost by tommorow 5 o clock morning,,0,"['I have ordered a dress and they have showed me that it will be delivered to me on 7th oct between 1pam -8 pm And when i didnt get my product at 1pm then i called them and asked about the stat they were continuosly saying that it will reach you by 8 pm but at 7:30 i spoke to a senior person an he said that we wont be able to deliver you today then i asked what to do i am having event ', ' so they said that you can go for the alternative but there was no tum for the alternative the whole team miss guided and not given a single option to do someting it was event whuch can change my life alvut just they ruined it if i wint be able tobperfirm in the show tommorow i will ladge a complain and even will commit suicide and this flyrobe is responsible for this i want my rented dress st any cost by tommorow 5 o clock morning']"
,,-1,[]
,,-1,[]
"I gave 4 because of their late messaging system. I received messages regarding something which already happen. Outdated message which will sure be helpful if sent on time. Also very useless online chat option, never gave answer instantly. I asked question yesterday and did not get reply till now. It's waste of time, but I must say customer service over the phone is good. They are helpful and polite. Good job!!!",,1,"[' Outdated message which will sure be helpful if sent on time', ' Also very useless online chat option, never gave answer instantly']"
,,-1,[]
,,-1,[]
rent hi rent,,1,['rent hi rent']
,,-1,[]
,,-1,[]
,,-1,[]
,,-1,[]
"I have not seen a more irresponsible company in my life. I gave my wedding lehnga as a part of ""make money off your closet"" campaign launched by flyrobe and looks like flyrobe is the one making money out of my attire. It's been 3 months and I have been following up with them about the lehnga and the dashboard they promised. Everytime I call I hear a scripted apology note and a promise that they l straighten things out. They know how to make stories but absolutely fall short on taking action. In 3 months there was no follow up emails... You can be lucky if they pick up your call. Would strongly discourage anyone from falling in their trap of the fancy campaigns they run. It's just a way of robbing people and making money off of it.",,0,"["" It's just a way of robbing people and making money off of it""]"
it's a little demotivating to see no options for plus size,,0,"[""it's a little demotivating to see no options for plus size""]"
,,-1,[]
,,-1,[]
,,-1,[]
Got my lehenga on-time and it looks amazing!!,,2,['Got my lehenga on-time and it looks amazing!!']
,,-1,[]
,,-1,[]
,,-1,[]
Super,,2,['Super']
,,-1,[]
,,-1,[]
"Guys don't go there,over the call they said we will stitch size for every sherwani but when I went there store people said we don't stitch and mine was only 1 size available there and clothes are very bad not in good condition..so don't go and waste your time..I went from Ghaziabad to Rajouri and what I got is only Frustration. Simply chutiya bna rahe ha bhai..",,0,"[""Guys don't go there,over the call they said we will stitch size for every sherwani but when I went there store people said we don't stitch and mine was only 1 size available there and clothes are very bad not in good condition"", ""so don't go and waste your time""]"
,,-1,[]
,,-1,[]
,,-1,[]
Oops Something went wrong is this your welcome screen; cos I am unable go any further in your app... My net is working fine...I tried with both my mobile numbers...but still getting the same error.ð¡,,0,['Oops Something went wrong is this your welcome screen; cos I am unable go any further in your app']
,,-1,[]
,,-1,[]
Founder is genius!!,,2,['Founder is genius!!']
Although one of my outfit had got cancel due to certain circumstances .. But then Mr. Irfan came forward to help me get out of this problem and shared certain options and finally I have another beautiful outfits before time.. Thank you flyrobe for providing an amazing service to me.. ð I would like to give 5 stars..,,1,['Although one of my outfit had got cancel due to certain circumstances ']
,,-1,[]
,,-1,[]
,,-1,[]
,,-1,[]
"Had to uninstall because it asks for personal information unnecessarily. Asks your phone number, asks to link your social identity.",,0,['Had to uninstall because it asks for personal information unnecessarily']
No option to share your selections :(,,0,['No option to share your selections :(']
,,-1,[]
,,-1,[]
,,-1,[]
,,-1,[]
,,-1,[]
,,-1,[]
"Diagusting service... ""disgusting"" is the word.... placed an order 4days ago... measurement was delayed... it was taken 1day just before delivery... despite of regular checks if i was going to get my outfit on the promised date... i didnt get it... infact everyone... from customer service.. floor supervisor.. measurement guy and his manager assured me that i will get it on the promised date... and after my function began... i get a call from flyrobe that they will deliver after 3days now... what for????? customer service is extremely rude... chat would say ""how may i help"" and when you ask a question.. dey dont reply... please dont order... dey leave u stranded!!! if u do... please keep a back up... pathetic service... no one even follows up... we hav to do that too... flyrobe got me stressed!!!!",,1,[' pathetic service']
,,-1,[]
,,-1,[]
,,-1,[]
,,-1,[]
Your mobile app is really slow. Your collection could be very good but i have to spend a lot of time waiting for the designs to open and move forward. Please work on it.,,1,['Your mobile app is really slow']
Wow great,,2,['Wow great']
,,-1,[]
Nice app,,2,['Nice app']
,,-1,[]
Oo,,1,['Oo']
Awesome site,,2,['Awesome site']
,,-1,[]
,,-1,[]
,,-1,[]
,,-1,[]
Good varieties,,2,['Good varieties']
,,-1,[]
,,-1,[]
,,-1,[]
"Dunno wat to say, I hv installed the app bt no pictures are appearing....even website is not working. Uninstalling right now. Tell me when things get fixed",,0,"['Dunno wat to say, I hv installed the app bt no pictures are appearing']"
,,-1,[]
The navigation drawer of the app is not working.please consider this issue.and i think there should be buying option too.,,1,['The navigation drawer of the app is not working']
"I placed an order MPR083620 and delivery date was 25th October which was an important day in my life. It was my best friend reception. Later part of the day I get to know that the order has been cancelled by flyrobe team stating that the order did not pass quality check/not returned by previous owner. As advised by Sachin from customer service team I placed new order#MPR083894 and was assured that it will be delivered by or before 25th october but no surety given. I understood but that it's not going to happen.I called customer service many times, sent them mails to atleast arrange something for me on 25th october but nothing happened. I am without any option now for the day and I feel that I wasted my time over this app. Never ever will I promote this to anyone in my circle. I work for a designated firm and will make sure that my message about flyrobe goes loud and heard. Such unhelpful behavior was least expected. Awful customer service and unprofessional behavior.",,0,"[' Such unhelpful behavior was least expected', ' Awful customer service and unprofessional behavior']"
Pathetic app. Awful and unprofessional customer service.,,0,"['Pathetic app', ' Awful and unprofessional customer service']"
,,-1,[]
,,-1,[]
Very beautiful dresses,,2,['Very beautiful dresses']
,,-1,[]
"Fantastic company, luxurious clothes and amazing customer service.. Felt like a princess in their couture dress... Classy",,2,['']
,,-1,[]
,,-1,[]
,,-1,[]
,,-1,[]
Please do yourself a favor and do NOT install this app. The clothes were of terrible quality and it's been 3 weeks since I returned them. They haven't refunded my money nor are they responding to emails. Terrible service!,,0,"["" The clothes were of terrible quality and it's been 3 weeks since I returned them"", "" They haven't refunded my money nor are they responding to emails"", ' Terrible service!']"
Awesome,,2,['Awesome']
,,-1,[]
,,-1,[]
,,-1,[]
,,-1,[]
Why do you guys have so many bad reviews? I am planning to order one from here..but looking at reviews ..m little sceptical about flyrobe..I see some flaws in your policy as well..in 4 days rent if I select say 9th Nov..ur pick up date is 12th ..its on 4day..ideally pick up should be on 5th day..can you give me alternative number..as nobody actually takes up call on the number given in your app..its only the IVR messages which come.,,1,['as nobody actually takes up call on the number given in your app']
,,-1,[]
,,-1,[]
,,-1,[]
,,-1,[]
,,-1,[]
,,-1,[]
,,-1,[]
,,-1,[]
,,-1,[]
,,-1,[]
,,-1,[]
,,-1,[]
,,-1,[]
,,-1,[]
,,-1,[]
"My order no was FDR084144, I hv ordered gown, in picture and description it was red color, but when I received it the color was maroon, it has spoiled my hole theme, request you to send me the same gown in red color.",,0,"['My order no was FDR084144, I hv ordered gown, in picture and description it was red color, but when I received it the color was maroon, it has spoiled my hole theme, request you to send me the same gown in red color']"
,,-1,[]
,,-1,[]
"Pathetic Service,Inspite of booking a dress a month back,the customer support calls me 2 days before the delivery date and tells me we cannot serve your order.Flyrobe is not serving the purpose at all. I don't know how are you doing the business . Extremely unhappy and would not recommend to anyone",,0,"['Pathetic Service,Inspite of booking a dress a month back,the customer support calls me 2 days before the delivery date and tells me we cannot serve your order', ' Extremely unhappy and would not recommend to anyone']"
,,-1,[]
,,-1,[]
Ok,,1,['Ok']
,,-1,[]
It's awesome...ðð,,2,"['', 'ð\x9f\x98\x8dð\x9f\x98\x98']"
,,-1,[]
Mandatory login? Seriously?,,0,['Mandatory login? Seriously?']
,,-1,[]
All things are going good but Just One thing Your Customer service number are never being picked up yesterday even after trying 10 time it was just Being Tranfer but no one to attend rest collection are good,,1,['All things are going good but Just One thing Your Customer service number are never being picked up yesterday even after trying 10 time it was just Being Tranfer but no one to attend rest collection are good']
Its a good,,2,['Its a good']
OMG..!! All of them gave u only bad reviews... i dont know what should i do now?? I wanna do 3 orders back to back.. but after read these reviews...I'm in a big confusion.ð,,1,[' i dont know what should i do now?? I wanna do 3 orders back to back']
,,-1,[]
,,-1,[]
No customer support. The call will be put on hold like forever. No matter how long and how many times you try to contact. I tried numerous times but I believe the the customer support team is having a time of their life being in flyrobe. Enjoy!,,1,['No customer support']
Wortest app ever seen in my life....this useless app people cancelled my order on end moment...now i dont have jewellery to wear....n the costumer executives are worst...i had a word with their costumer executive named deepak n he was continuously threathing me that flyrobe will see further what should be done with me...i want flyrobe to remove him...he was very rude...he didn't help in anyway.....they are not refunding my money....if i dont get my cash back i wont return their clutch which i had ordered before....i promise that if i dont get my cash back ill sue flyrobe n lodge a complaint against them....n wont return their product as well...very very disappointed by flyrobe....guys if you all dont want to ruin ua day please dont order anything from here...they seriously dont know their work....gonna uninstall this app...n ill suggest everyone not to download this worst app...better get rented clothes from trusted shop..n never buy jewellery from here they will call u on end time n will say its damaged....hate flyrobe ð¡ð¡ð¡...They have ruined my day ill ruin their app...big big thumbs down for flyrobe ðððððð 'FLYROBE' = Worstest app on google playð¡ð,,0,"['this useless app people cancelled my order on end moment', 'n the costumer executives are worst', 'he was very rude', 'i promise that if i dont get my cash back ill sue flyrobe n lodge a complaint against them', 'n ill suggest everyone not to download this worst app', 'They have ruined my day ill ruin their app', ""big big thumbs down for flyrobe ð\x9f\x91\x8eð\x9f\x91\x8eð\x9f\x91\x8eð\x9f\x91\x8eð\x9f\x91\x8eð\x9f\x91\x8e 'FLYROBE' = Worstest app on google playð\x9f\x98¡ð\x9f\x91\x8e""]"
Good,,2,['Good']
,,-1,[]
,,-1,[]
,,-1,[]
,,-1,[]
"At affordable price I was able to buy a really affordable lehenga thanks to the flyrobe app, Now I can easily attend my friends wedding, Highly recommended",,2,"['At affordable price I was able to buy a really affordable lehenga thanks to the flyrobe app, Now I can easily attend my friends wedding, Highly recommended']"
,,-1,[]
Woderfull apps,,1,['Woderfull apps']
,,-1,[]
Good,,2,['Good']
,,-1,[]
"I Wish some of the dresses should be more affordable. I mean at the rent price of few jackets, one can actually buy a new one from an affordable small shop with not much difference in gross appearance of quality.",,2,['']
Delivered after event get over,,1,['Delivered after event get over']
,,-1,[]
,,-1,[]
,,-1,[]
"for online renting of clothes, this flyrobe app is never to miss for, there are so many apps but this flyrobe app works the best in terms of service and collections.",,2,['']
"from all the online renting which i have used so far, this flyrobe app is excellent and the most useful one, really go with this app for best experience for latest online renting of clothes",,2,"['from all the online renting which i have used so far, this flyrobe app is excellent and the most useful one, really go with this app for best experience for latest online renting of clothes']"
"guys try this flyrobe app for online renting of clothes, it's been the best in terms of collections and features and i love to use this app.",,2,['']
,,-1,[]
,,-1,[]
,,-1,[]
,,-1,[]
,,-1,[]
,,-1,[]
The customer service of flyrobe wouldn't help you get your money back if the transaction got cancelled due to any reason. I made a transaction of around 6k about 3 days ago. The amount got deducted from paytm wallet but the app froze so I had to cancel the transaction. Since then I've been mailing them but no avail. I'm still struggling to get them to respond. This is awful.,,0,"[' The amount got deducted from paytm wallet but the app froze so I had to cancel the transaction', ' This is awful']"
Update more girlish and new latest trend dresses,,2,['Update more girlish and new latest trend dresses']
"More than five star rating is deserved by this Flyrobe app, atleast thats what I really think",,2,"['More than five star rating is deserved by this Flyrobe app, atleast thats what I really think']"
"Service and overall quality of the clothes from the Flyrobe app was really nice, It was really more than i expected that's why i think you should start using this app now",,2,"[""Service and overall quality of the clothes from the Flyrobe app was really nice, It was really more than i expected that's why i think you should start using this app now""]"
"Thanks a lot to Flyrobe app, because of them I was able to afford a suit to wear it to my very important job interview, I really recommend you to use this app now",,2,"['Thanks a lot to Flyrobe app, because of them I was able to afford a suit to wear it to my very important job interview, I really recommend you to use this app now']"
"custom fitting suit is really amazing to wear and I was finally able to experience it thanks to this Flyrobe app, I really liked this app very much, one of the best app ever",,2,"['custom fitting suit is really amazing to wear and I was finally able to experience it thanks to this Flyrobe app, I really liked this app very much, one of the best app ever']"
"the customer service of the jabong shopping app is been totally disappointing still waiting for there response, such a poor app, i must say not to use it",,0,"['the customer service of the jabong shopping app is been totally disappointing still waiting for there response, such a poor app, i must say not to use it']"
Good collection.,,2,['']
,,-1,[]
,,-1,[]
,,-1,[]
